-- MySQL dump 10.13  Distrib 5.5.31, for debian-linux-gnu (i686)
--
-- Host: localhost    Database: coolacid_10k
-- ------------------------------------------------------
-- Server version	5.5.31-0ubuntu0.12.04.2

/*!40101 SET @OLD_CHARACTER_SET_CLIENT=@@CHARACTER_SET_CLIENT */;
/*!40101 SET @OLD_CHARACTER_SET_RESULTS=@@CHARACTER_SET_RESULTS */;
/*!40101 SET @OLD_COLLATION_CONNECTION=@@COLLATION_CONNECTION */;
/*!40101 SET NAMES utf8 */;
/*!40103 SET @OLD_TIME_ZONE=@@TIME_ZONE */;
/*!40103 SET TIME_ZONE='+00:00' */;
/*!40014 SET @OLD_UNIQUE_CHECKS=@@UNIQUE_CHECKS, UNIQUE_CHECKS=0 */;
/*!40014 SET @OLD_FOREIGN_KEY_CHECKS=@@FOREIGN_KEY_CHECKS, FOREIGN_KEY_CHECKS=0 */;
/*!40101 SET @OLD_SQL_MODE=@@SQL_MODE, SQL_MODE='NO_AUTO_VALUE_ON_ZERO' */;
/*!40111 SET @OLD_SQL_NOTES=@@SQL_NOTES, SQL_NOTES=0 */;

--
-- Table structure for table `answers`
--

DROP TABLE IF EXISTS `answers`;
/*!40101 SET @saved_cs_client     = @@character_set_client */;
/*!40101 SET character_set_client = utf8 */;
CREATE TABLE `answers` (
  `id` int(11) NOT NULL AUTO_INCREMENT,
  `cat_id` int(11) NOT NULL,
  `answer` text NOT NULL,
  `state` int(11) NOT NULL,
  PRIMARY KEY (`id`),
  KEY `cat_id` (`cat_id`)
) ENGINE=MyISAM AUTO_INCREMENT=648 DEFAULT CHARSET=latin1;
/*!40101 SET character_set_client = @saved_cs_client */;

--
-- Dumping data for table `answers`
--

LOCK TABLES `answers` WRITE;
/*!40000 ALTER TABLE `answers` DISABLE KEYS */;
INSERT INTO `answers` VALUES (1,1,'Titanium',0),(2,1,'Aluminium',0),(3,1,'Calcium',0),(4,1,'Helium',0),(5,1,'Platinum',0),(6,1,'Magnesium',0),(7,1,'Lithium',0),(8,2,'Sunlight',0),(9,2,'Exercise',0),(10,2,'DMCA',0),(11,2,'DRM',0),(12,2,'Management',0),(13,2,'The Feds',0),(14,2,'Decaffeinated Coffee',0),(15,3,'Stephen King',0),(16,3,'George Orwell',0),(17,3,'Steven Levy',0),(18,3,'Clifford Stoll',0),(19,3,'Douglas Adams',0),(20,3,'Cory Doctorow',0),(21,3,'Douglas Coupland',0),(22,4,'Isaac Asimov',0),(23,4,'Robert Heinlein',0),(24,4,'Frank Herbert',0),(25,4,'Orson Welles',0),(26,4,'Arthur C. Clarke',0),(27,4,'H. G. Wells',0),(28,4,'Jules Verne',0),(29,5,'William Gibson',0),(30,5,'Neal Stephenson',0),(31,5,'Bruce Bethke',0),(32,5,'Philip K. Dick',0),(33,5,'Bruce Sterling',0),(34,5,'Michael Swanwick',0),(35,5,'Rudy Rucker/Rudolf von Bitter Rucker',0),(36,6,'Johnny 5',0),(37,6,'lightning bolt',0),(38,6,'Nova Laboratories ',0),(39,6,'Input',0),(40,6,'Malfunction',0),(41,6,'dissassemble',0),(42,6,'KIDNAP THE HUMANS!  DESTROY THE MACHINE!',0),(43,7,'1.21 Gigawatts',0),(44,7,'88 MPH',0),(45,7,'Marty McFly',0),(46,7,'Libyans',0),(47,7,'Emmett Brown',0),(48,7,'Einstein',0),(49,7,'Jules & Verne',0),(50,8,'Jeff Moss',0),(51,8,'Joe Grand',0),(52,8,'Winn Schwartau',0),(53,8,'Limor Fried/ladyada',0),(54,8,'Bre Pettis',0),(55,8,'Kevin Mitnick',0),(56,8,'Emmanuel Goldstein',0),(57,9,'Bart',0),(58,9,'Lisa',0),(59,9,'Homer',0),(60,9,'Moe',0),(61,9,'Dr. Nick',0),(62,9,'Santas Little Helper',0),(63,9,'Troy McClure',0),(64,10,'TARDIS',0),(65,10,'Time Lords',0),(66,10,'Dalek',0),(67,10,'Sonic Screwdriver',0),(68,10,'Cybermen',0),(69,10,'K9',0),(70,10,'Weeping Angels',0),(71,11,'ESX',0),(72,11,'Xen',0),(73,11,'KVM',0),(74,11,'Virtual Box',0),(75,11,'Hyper-V',0),(76,11,'QEMU',0),(77,11,'Parallels',0),(78,12,'Difference Engine',0),(79,12,'Eniac',0),(80,12,'PDP',0),(81,12,'Apple I',0),(82,12,'Commodore 64',0),(83,12,'TRS-80',0),(84,12,'UNIVAC',0),(85,13,'DEA',0),(86,13,'CIA',0),(87,13,'FBI',0),(88,13,'NSA',0),(89,13,'ATF',0),(90,13,'FCC',0),(91,13,'TSA',0),(92,14,'AMD',0),(93,14,'FSF',0),(94,14,'OSI',0),(95,14,'MIT',0),(96,14,'SGI',0),(97,14,'DOE',0),(98,14,'ESA',0),(99,15,'TSA',0),(100,15,'Long lines',0),(101,15,'Delays',0),(102,15,'Bad Food',0),(103,15,'Secondary Screenings',0),(104,15,'Standby Seats',0),(105,15,'(Sniffer) Dogs',0),(106,16,'NASA',0),(107,16,'NOAA',0),(108,16,'RIAA',0),(109,16,'MPAA',0),(110,16,'RCMP',0),(111,16,'CSIS',0),(112,16,'CRTC',0),(113,17,'Schrödinger',0),(114,17,'Hobbes',0),(115,17,'Ceiling',0),(116,17,'LOL',0),(117,17,'Long',0),(118,17,'Garfield',0),(119,17,'Hobbes',0),(120,18,'Kruschev',0),(121,18,'La Femme',0),(122,18,'Elton John',0),(123,18,'Tottenkoph (aka Fake-Nikita)',0),(124,18,'Kronenberg',0),(125,18,'Caine',0),(126,19,'xkcd',0),(127,19,'Dilbert',0),(128,19,'userfriendly',0),(129,19,'pennyarcade',0),(130,19,'Ctrl Alt Del',0),(131,19,'Calvin and Hobbes',0),(132,19,'Least I Could Do',0),(133,20,'Yellow Dog',0),(134,20,'Mint',0),(135,20,'Fedora',0),(136,20,'Gentoo',0),(137,20,'Slackware',0),(138,20,'Untangle',0),(139,20,'Mythbuntu',0),(140,21,'Nick',0),(141,21,'McCoy',0),(142,21,'Who',0),(143,21,'Frankenstein',0),(144,21,'Hubert J. Farnsworth',0),(145,21,'Baltar',0),(146,21,'Strangelove',0),(147,22,'Lawrence Lessig',0),(148,22,'RMS',0),(149,22,'ESR',0),(150,22,'Pamela Jones',0),(151,22,'Michael Geist',0),(152,22,'Thomas Jefferson',0),(153,22,'Cory Doctorow',0),(154,23,'Drivers License',0),(155,23,'Passport',0),(156,23,'SSN/SIN',0),(157,23,'Green Card',0),(158,23,'Birth Certificate',0),(159,23,'Voter registration',0),(160,23,'REALID',0),(161,24,'Flat Tire',0),(162,24,'Dead Hard Drive',0),(163,24,'GPS Failure',0),(164,24,'Bad credit',0),(165,24,'No wireless',0),(166,24,'Dead battery',0),(167,24,'Incompatible format',0),(168,25,'Cleveland - OH',0),(169,25,'Las Vegas - NV',0),(170,25,'Toronto - ON',0),(171,25,' New York - NY',0),(172,25,'Vancouver - BC',0),(173,25,'Washington - DC',0),(174,25,'Berlin - Germany',0),(175,26,'Coffee',0),(176,26,'RedBull',0),(177,26,'Mountain Dew',0),(178,26,'Club Mate',0),(179,26,'Tea',0),(180,26,'Bawls',0),(181,26,'Buzz Water',0),(182,27,'Transformers',0),(183,27,'GI Joe',0),(184,27,'Thundercats',0),(185,27,'Silverhawk',0),(186,27,'Mask',0),(187,27,'Voltron',0),(188,27,'He-MAN',0),(189,28,'CISSP',0),(190,28,'CEH',0),(191,28,'CCNA',0),(192,28,'MCSE',0),(193,28,'LPIC',0),(194,28,'A+',0),(195,28,'RHCE',0),(196,29,'Linksys',0),(197,29,'Juniper',0),(198,29,'Cisco',0),(199,29,'D-Link',0),(200,29,'TP Link',0),(201,29,'SMC',0),(202,29,'3Com',0),(203,30,'Twitter',0),(204,30,'LinkedIn',0),(205,30,'myspace',0),(206,30,'Identi.ca',0),(207,30,'Four Square',0),(208,30,'Blippy',0),(209,30,'Facebook',0),(210,31,'KMFDM',0),(211,31,'Nine Inch Nails',0),(212,31,'Dual Core',0),(213,31,'DJ Jackalope',0),(214,31,'YT Cracker',0),(215,31,'Futuristic Sex Robots',0),(216,31,'MC Frontalot',0),(217,32,'Mountain Dew',0),(218,32,'Bawls',0),(219,32,'Pizza',0),(220,32,'Cheetos',0),(221,32,'Sushi',0),(222,32,'Top Ramen',0),(223,32,'Bacon',0),(224,33,'Whacked Mac',0),(225,33,'POCSAG decoder',0),(226,33,'l0phtcrack',0),(227,33,'congress',0),(228,33,'advisory',0),(229,33,'bbs',0),(230,33,'Black Crawling Systems',0),(231,34,'Pin the tail on Banshee',0),(232,34,'Spot the Priest',0),(233,34,'5 mins in the skybox',0),(234,34,'badge wearing contest',0),(235,34,'Be a Sheep',0),(236,34,'Hacker Pyramid',0),(237,35,'Nixie tube',0),(238,35,'LED',0),(239,35,'EEPROM',0),(240,35,'op-amp',0),(241,35,'battery',0),(242,35,'quartz crystal',0),(243,35,'relay',0),(244,36,'Exotic Liability',0),(245,36,'Security Justice',0),(246,36,'Security Now',0),(247,36,'Hak5',0),(248,36,'Paul Dot Com',0),(249,36,'SHITcast',0),(250,36,'network security podcast',0),(251,37,'Greg Evans',0),(252,37,'Ligatt',0),(253,37,'Greg Evans',0),(254,37,'Ligatt',0),(255,37,'Greg Evans',0),(256,37,'Ligatt',0),(257,37,'Greg Evans',0),(258,38,'Aqua Man',0),(259,38,'Thor',0),(260,38,'Green Lantern',0),(261,38,'Wonder Woman',0),(262,38,'Ironman',0),(263,38,'The Hulk',0),(264,38,'Batman',0),(265,39,'Alfred',0),(266,39,'Tonto',0),(267,39,'Robin',0),(268,39,'Kato',0),(269,39,'Lois Lane',0),(270,39,'Launchpad McQuack',0),(271,39,'War Machine',0),(272,41,'YOLO',0),(273,41,'planking',0),(274,41,'I took an arrow in my knee',0),(275,41,'Shit $X Says',0),(276,41,'Rage Face',0),(277,41,'Trololo',0),(278,41,'Imma Let you finnish...',0),(279,42,'Trek',0),(280,42,'Wars',0),(281,42,'System',0),(282,42,'Burst',0),(283,42,'Gate',0),(284,42,'Light',0),(285,42,'Office',0),(286,43,'Battle',0),(287,43,'North',0),(288,43,'Death',0),(289,43,'Falling',0),(290,43,'Rock',0),(291,43,'Lone',0),(292,43,'Porn',0),(293,44,'zip disk',0),(294,44,'floppy disk',0),(295,44,'9-track tape',0),(296,44,'audio cassette tape',0),(297,44,'Punch Cards',0),(298,44,'Mini disc',0),(299,44,'Laser Disc',0),(300,45,'Level 9',0),(301,45,'Lone Gunman',0),(302,45,'Tiger Team',0),(303,45,'Mythbusters',0),(304,45,'Ghost in the Shell',0),(305,45,'Net Force',0),(306,45,'Prototype This!',0),(307,46,'Cassette',0),(308,46,'Soft',0),(309,46,'Film',0),(310,46,'Super',0),(311,46,'Scopic',0),(312,46,'USB',0),(313,46,'Machines',0),(314,47,'Junkyard Wars',0),(315,47,'Mythbusters',0),(316,47,'Prototype This',0),(317,47,'Smash Lab',0),(318,47,'Weaponizers',0),(319,47,'Make TV',0),(320,47,'History Hacking',0),(321,48,'Neo - The Matrix',0),(322,48,'Martin Bishop - Sneakers',0),(323,48,'R2D2 - Star Wars',0),(324,48,'Napster - Italian Job (2003)',0),(325,48,'Stanley Jobson - Swordfish',0),(326,48,'Edward \"Brill\" Lyle - Enemy of the State',0),(327,48,'Crash Override - Hackers',0),(328,49,'Return of the Archons (Landru)',0),(329,49,'The Changeling (Nomad)',0),(330,49,'The Ultimate Computer (M-5)',0),(331,49,'That Which Survives (Losira)',0),(332,49,'I Mudd (Norman)',0),(333,49,'ST2-WoK - Kobiayashi Maru',0),(334,49,'ST2009 - Kobayashi Maru',0),(335,50,'Smash Lab',0),(336,50,'Time Warp',0),(337,50,'Deadliest Warrior',0),(338,50,'Deestroy Build Destroy',0),(339,50,'Dude... What Would Happen?',0),(340,50,'Weapons Masters',0),(341,50,'Unsolved History',0),(342,51,'12345 (Netbus)',0),(343,51,'3127 (My.Doom.A)',0),(344,51,'3128 (My.Doom.B)',0),(345,51,'5554 (Sasser)',0),(346,51,'27374 (Subseven)',0),(347,51,'17300 (Kuang2)',0),(348,51,'2283 (Dumaru.Y)',0),(349,52,'Neuromancer',0),(350,52,'Count Zero',0),(351,52,'Mona Lisa Overdrive',0),(352,52,'Snow Crash',0),(353,52,'Diamond Age',0),(354,52,'Shockwave Rider',0),(355,52,'Islands in the Net',0),(356,53,'Pentium 4',0),(357,53,'Pentium Pro',0),(358,53,'AMD K6-2',0),(359,53,'Athlon',0),(360,53,'Celeron',0),(361,53,'Duron',0),(362,53,'Cyrix',0),(363,54,'GMAIL',0),(364,54,'Yahoo',0),(365,54,'Hotmail',0),(366,54,'FastMail',0),(367,54,'Inbox.com',0),(368,54,'HotPOP',0),(369,54,'Mail.com',0),(370,55,'ice cubes',0),(371,55,'Coke',0),(372,55,'Cheerios',0),(373,55,'Bawls',0),(374,55,'Shmoobus',0),(375,55,'Dan Kaminsky',0),(376,55,'sec b-sides',0),(377,56,'Billy Crystal',0),(378,56,'William Shatner',0),(379,56,'Jason Alexander',0),(380,56,'Billy Crystal',0),(381,56,'Betty White',0),(382,56,'John Ritter',0),(383,56,'Penn Gillette',0),(384,58,'Resistor',0),(385,58,'Capacitor',0),(386,58,'Inductor',0),(387,58,'Transformer',0),(388,58,'conductor',0),(389,58,'diode',0),(390,58,'sensor',0),(391,59,'God',0),(392,59,'Password',0),(393,59,'QWERTY',0),(394,59,'cisco',0),(395,59,'admin',0),(396,59,'secret',0),(397,59,'r00t',0),(398,60,'FTP',0),(399,60,'SMTP',0),(400,60,'TELNET',0),(401,60,'RSH',0),(402,60,'SNMP',0),(403,60,'HTTP',0),(404,60,'POP3',0),(405,61,'Z80',0),(406,61,'8086',0),(407,61,'Pentium',0),(408,61,'68000',0),(409,61,'6509',0),(410,61,'Atom',0),(411,61,'4004',0),(412,62,'2600Hz',0),(413,62,'DTMF',0),(414,62,'\"Joybubbles\" or Joe Engressia',0),(415,62,'Phone Losers of America',0),(416,62,'LOD (Legion of Doom)',0),(417,62,'Blue Box',0),(418,62,'Operation Sun Devil',0),(419,63,'USB Drive',0),(420,63,'Mouse',0),(421,63,'Sunglasses',0),(422,63,'Swiss Army Knife',0),(423,63,'Notebook',0),(424,63,'USB Adapter',0),(425,63,'A Dropbox/PwnPlug/minipwner',0),(426,64,'Queue',0),(427,64,'Quaalude',0),(428,64,'Quiz',0),(429,64,'Quandry',0),(430,64,'Quarantine',0),(431,64,'Queen',0),(432,64,'Quark',0),(433,65,'onions',0),(434,65,'banana peppers',0),(435,65,'blueberries',0),(436,65,'mozzarella cheese',0),(437,65,'pineapple',0),(438,65,'mozzarella cheese',0),(439,65,'pepperoni',0),(440,66,'Zero Cool',0),(441,66,'Kevin Mitnick',0),(442,66,'Robert Morris Jr.',0),(443,66,'The Dark Tangent',0),(444,66,'Steve Wozniak',0),(445,66,'Alan Turing',0),(446,66,'MafiaBoy',0),(447,67,'BSoD',0),(448,67,'Start Button',0),(449,67,'Clippy',0),(450,67,'Driverhell',0),(451,67,'Vista Home Basic',0),(452,67,'BSD code',0),(453,67,'Ctrl+Alt+Delete',0),(454,68,'HAR',0),(455,68,'Notacon',0),(456,68,'RECon',0),(457,68,'ShmooCon',0),(458,68,'Hack-in-the-Box',0),(459,68,'ToorCon',0),(460,68,'SecTor',0),(461,69,'Business Suits',0),(462,69,'soap',0),(463,69,'9-to-5',0),(464,69,'meetings',0),(465,69,'rules',0),(466,69,'easy listening',0),(467,69,'smurfs',0),(468,70,'Billy Crystal',0),(469,70,'William Shatner',0),(470,70,'Jason Alexander',0),(471,70,'Billy Crystal',0),(472,70,'Betty White',0),(473,70,'John Ritter',0),(474,70,'Penn Gillette',0),(475,71,'Brussels',0),(476,71,'Chicago',0),(477,71,'Toronto',0),(478,71,'Kansas City',0),(479,71,'Helsinki',0),(480,71,'Walla Walla',0),(481,71,'Indianapolis',0),(482,72,'Adrian Lamo',0),(483,72,'Kevin Mitnick',0),(484,72,'Phiber Optik',0),(485,72,'Kevin Poulsen',0),(486,72,'PirateBay',0),(487,72,'Gary McKinnon',0),(488,73,'tent',0),(489,73,'goon pool',0),(490,73,'hot tub',0),(491,73,'pool three girl',0),(492,73,'Defcon TV',0),(493,73,'Liquor/Super Mart',0),(494,73,' haxxxor Girls',0),(495,74,'Dmitry Sklyarov',0),(496,74,'Fair Use',0),(497,74,'Take down',0),(498,74,'Apple',0),(499,74,'youtube',0),(500,74,'Title 17',0),(501,74,'Village People',0),(502,75,'SSID Broadcast',0),(503,75,'Discoverable',0),(504,75,'Kismet',0),(505,75,'Blue Tooth',0),(506,75,'WEP',0),(507,75,'Infared',0),(508,75,'Keyboards',0),(509,76,'Defcon audience',0),(510,76,'Defcon Podium',0),(511,76,'Seattle',0),(512,76,'Pool Three',0),(513,76,'Shadow Bar',0),(514,76,'Twitter',0),(515,76,'Elevator',0),(516,77,'lottery tickets',0),(517,77,'Playboy',0),(518,77,'flashlights',0),(519,77,'Sharpies',0),(520,77,'potato chips',0),(521,77,'Crown Royal ',0),(522,77,'DVDs',0),(523,78,'Poison ',0),(524,78,'Van Halen',0),(525,78,'Ratt',0),(526,78,'Quiet Riot',0),(527,78,'Skid Row',0),(528,78,'Cinderella',0),(529,78,'Def Leppard',0),(530,79,'Halvar Flake',0),(531,79,'Dave Aitel',0),(532,79,'HD Moore',0),(533,79,'Symantec',0),(534,79,'Mark Dowd',0),(535,79,'Dave Maynor',0),(536,79,'OpenBSD team',0),(537,80,'Old Ram',0),(538,80,'Access Card',0),(539,80,'energy drink',0),(540,80,'coffee',0),(541,80,'fast food ',0),(542,80,'floppy disk',0),(543,81,'bluetooth',0),(544,81,'wireless',0),(545,81,'netbios ',0),(546,81,'autoplay',0),(547,81,'paypass',0),(548,81,'cookies',0),(549,81,'mDNSresponder',0),(550,82,'Twitch',0),(551,82,'Lie',0),(552,82,'Laugh ',0),(553,82,'Text Message',0),(554,82,'Sleep',0),(555,82,'Email',0),(556,82,'Ebay',0),(557,83,'Launch Codes',0),(558,83,'Email',0),(559,83,'TV',0),(560,83,'Oil Tankers',0),(561,83,'Voting',0),(562,83,'Credit Cards',0),(563,83,'Pentegon',0),(564,84,'Burgers',0),(565,84,'Sushi',0),(566,84,'Hacker spaces',0),(567,84,'Accounting',0),(568,84,'hackers on a plane',0),(569,84,'eating contests',0),(570,84,'speaker',0),(571,85,'wii-mote',0),(572,85,'roomba',0),(573,85,'netbooks',0),(574,85,'rfid',0),(575,85,'toliets',0),(576,85,'gps',0),(577,85,'road signs',0),(578,86,'Cloud',0),(579,86,'PCI',0),(580,86,'Cyber-War',0),(581,86,'Web 2.0',0),(582,86,'Chrome OS',0),(583,86,'php',0),(584,86,'iphone',0),(585,87,'Password',0),(586,87,'Secret Handshake',0),(587,87,'Breasts',0),(588,87,'Strippers',0),(589,87,'Alcohol',0),(590,87,'Goon badge',0),(591,87,'Social Engineering',0),(592,88,'Robots',0),(593,88,'Zombies',0),(594,88,'The Matrix',0),(595,88,'SkyNet',0),(596,88,'Asteroid',0),(597,88,'Aliens',0),(598,88,'y2k',0),(599,89,'mosquito bites',0),(600,89,'stupid people',0),(601,89,'delayed flights',0),(602,89,'telemarketers',0),(603,89,'fingers on chalkboard',0),(604,89,'Conference Calls',0),(605,89,'Windows',0),(606,90,'Chaos Computer Club',0),(607,90,'Tron',0),(608,90,'Halvar Flake',0),(609,90,'Felix Lindner',0),(610,90,'\"Anti-Hacker\" Law ',0),(611,90,'Blinkenlights',0),(612,90,'Toralv Dirro',0),(613,91,'Flesh wound',0),(614,91,'air-speed velocity',0),(615,91,'Huge Tracts of Land',0),(616,91,'Lady of the Lake',0),(617,91,'A herring',0),(618,91,'Spam',0),(619,91,'Holy Hand Grenade',0),(620,92,'prostitution',0),(621,92,'bachelor parties',0),(622,92,'the mafia',0),(623,92,'wedding chapels',0),(624,92,'gambling',0),(625,92,'neon lights',0),(626,92,'Donny and Marie',0),(627,93,'ice cubes',0),(628,93,'Coke',0),(629,93,'Cheerios',0),(630,93,'Bawls',0),(631,93,'Shmoobus',0),(632,93,'Dan Kaminsky',0),(633,93,'sec b-sides',0),(634,94,'IRC ( 194) ',0),(635,94,'NTP (123)',0),(636,94,'HTTP (80)',0),(637,94,'SMTP (25) ',0),(638,94,'FTP (21)',0),(639,94,'TELNET (23)',0),(640,94,'SSH (22)',0),(641,95,'briefcases',0),(642,95,'Vanna White',0),(643,95,'pyramid',0),(644,95,'Whammys',0),(645,95,'Phone a Friend',0),(646,95,'Drew Carey',0),(647,95,'big hair',0);
/*!40000 ALTER TABLE `answers` ENABLE KEYS */;
UNLOCK TABLES;

--
-- Table structure for table `catagories`
--

DROP TABLE IF EXISTS `catagories`;
/*!40101 SET @saved_cs_client     = @@character_set_client */;
/*!40101 SET character_set_client = utf8 */;
CREATE TABLE `catagories` (
  `cat_id` int(2) DEFAULT NULL,
  `name` varchar(34) DEFAULT NULL,
  `hint` varchar(53) DEFAULT NULL,
  `celeb` varchar(15) DEFAULT NULL,
  `answers` varchar(185) DEFAULT NULL,
  `active` int(11) NOT NULL,
  `used` int(1) DEFAULT NULL,
  `next` int(1) DEFAULT NULL,
  `classic` int(1) DEFAULT NULL
) ENGINE=MyISAM DEFAULT CHARSET=utf8;
/*!40101 SET character_set_client = @saved_cs_client */;

--
-- Dumping data for table `catagories`
--

LOCK TABLES `catagories` WRITE;
/*!40000 ALTER TABLE `catagories` DISABLE KEYS */;
INSERT INTO `catagories` VALUES (1,'Periodically','Rhymes with Pentium',NULL,',Titanium,Aluminium,Calcium,Helium,Platinum,Magnesium,Lithium',0,0,0,0),(2,'Hacker Kryptonite',NULL,NULL,',Sunlight,Exercise,DMCA,DRM,Management,The Feds,Decaffeinated Coffee',0,0,0,0),(3,'Authors',NULL,NULL,',Stephen King,George Orwell,Steven Levy,Clifford Stoll,Douglas Adams,Cory Doctorow,Douglas Coupland',0,0,0,0),(4,'Sci-Fi Grand Masters',NULL,NULL,',Isaac Asimov,Robert Heinlein,Frank Herbert,Orson Welles,Arthur C. Clarke,H. G. Wells,Jules Verne',0,0,0,0),(5,'Cyberpunk Authors',NULL,NULL,',William Gibson,Neal Stephenson,Bruce Bethke,Philip K. Dick,Bruce Sterling,Michael Swanwick,Rudy Rucker/Rudolf von Bitter Rucker',0,0,0,0),(6,'Short Circuits','From the Movie(s)',NULL,',Johnny 5,lightning bolt,Nova Laboratories ,Input,Malfunction,dissassemble,KIDNAP THE HUMANS!  DESTROY THE MACHINE!',0,0,0,0),(7,'Back to the Futures',NULL,NULL,',1.21 Gigawatts,88 MPH,Marty McFly,Libyans,Emmett Brown,Einstein,Jules & Verne',0,0,0,0),(8,'Notable H4X0RZ',NULL,NULL,',Jeff Moss,Joe Grand,Winn Schwartau,Limor Fried/ladyada,Bre Pettis,Kevin Mitnick,Emmanuel Goldstein',0,0,0,0),(9,'The Simpsons',NULL,NULL,',Bart,Lisa,Homer,Moe,Dr. Nick,Santas Little Helper,Troy McClure',0,0,0,0),(10,'Dr. Who',NULL,NULL,',TARDIS,Time Lords,Dalek,Sonic Screwdriver,Cybermen,K9,Weeping Angels',0,0,0,0),(11,'Virtuallity',NULL,NULL,',ESX,Xen,KVM,Virtual Box,Hyper-V,QEMU,Parallels',0,0,0,0),(12,'Historically Significant Computers',NULL,NULL,',Difference Engine,Eniac,PDP,Apple I,Commodore 64,TRS-80,UNIVAC',0,0,0,0),(13,'Three Letter Agencies 1','The Feds!',NULL,',DEA,CIA,FBI,NSA,ATF,FCC,TSA',0,0,0,0),(14,'Three Letter Agencies 2','Technology',NULL,',AMD,FSF,OSI,MIT,SGI,DOE,ESA',0,0,0,0),(15,'Airport Fun!',NULL,NULL,',TSA,Long lines,Delays,Bad Food,Secondary Screenings,Standby Seats,(Sniffer) Dogs',0,0,0,0),(16,'Four Letter Agencies','Warning: Includes Canadian Content',NULL,',NASA,NOAA,RIAA,MPAA,RCMP,CSIS,CRTC',0,0,0,0),(17,'Cats',NULL,NULL,',Schrödinger,Hobbes,Ceiling,LOL,Long,Garfield,Hobbes',0,0,0,0),(18,'Nikita-tastic','Not responsible for this one at all (except I am)','Nikita',',Kruschev,La Femme,Elton John,Neil (aka Nikita\'s bitch),Tottenkoph (aka Fake-Nikita),Kronenberg,Caine',0,0,0,0),(19,'Comic Strips','all in geek fun',NULL,',xkcd,Dilbert,userfriendly,pennyarcade,Ctrl Alt Del,Calvin and Hobbes,Least I Could Do',0,0,0,0),(20,'What\'s in a *NIX?','Linux Distributions',NULL,',Yellow Dog,Mint,Fedora,Gentoo,Slackware,Untangle,Mythbuntu',0,0,0,0),(21,'Fictional Doctors',NULL,NULL,',Nick,McCoy,Who,Frankenstein,Hubert J. Farnsworth,Baltar,Strangelove',0,0,0,0),(22,'Freedom Writers',NULL,NULL,',Lawrence Lessig,RMS,ESR,Pamela Jones,Michael Geist,Thomas Jefferson,Cory Doctorow',0,0,0,0),(23,'Papers Please!','ID Yourself Citizen!',NULL,',Drivers License,Passport,SSN/SIN,Green Card,Birth Certificate,Voter registration,REALID',0,0,0,0),(24,'I got 99 Problems','But a bitch ain\'t one!',NULL,',Flat Tire,Dead Hard Drive,GPS Failure,Bad credit,No wireless,Dead battery,Incompatible format',0,0,0,0),(25,'Con Con','Everywhere a Con',NULL,',Cleveland - OH,Las Vegas - NV,Toronto - ON, New York - NY,Vancouver - BC,Washington - DC,Berlin - Germany',0,0,0,0),(26,'Liquid Love','Caffeinated Beverages',NULL,',Coffee,RedBull,Mountain Dew,Club Mate,Tea,Bawls,Buzz Water',0,0,0,0),(27,'Saturday Morning Cartoons','In the \'80s',NULL,',Transformers,GI Joe,Thundercats,Silverhawk,Mask,Voltron,He-MAN',0,0,0,0),(28,'Certifiable',NULL,NULL,',CISSP,CEH,CCNA,MCSE,LPIC,A+,RHCE',0,0,0,0),(29,'Networking 1','Companies',NULL,',Linksys,Juniper,Cisco,D-Link,TP Link,SMC,3Com',0,0,0,0),(30,'Networking 2','Socially',NULL,',,Twitter,LinkedIn,myspace,Identi.ca,Four Square,Blippy,Facebook',0,0,0,0),(31,'Musik',NULL,NULL,',KMFDM,Nine Inch Nails,Dual Core,DJ Jackalope,YT Cracker,Futuristic Sex Robots,MC Frontalot',0,0,0,0),(32,'1337 Munchies','Preferred Hack Snacks',NULL,',Mountain Dew,Bawls,Pizza,Cheetos,Sushi,Top Ramen,Bacon',0,0,0,0),(33,'L0phty Heights','From the Heavy Industries','Space Rogue',',Whacked Mac,POCSAG decoder,l0phtcrack,congress,advisory,bbs,Black Crawling Systems',0,0,0,0),(34,'Failed DC contests','games gone wrong',NULL,',Pin the tail on Banshee,Spot the Priest,5 mins in the skybox,badge wearing contest,World\'s #1 Hacker,Be a Sheep,Hacker Pyramid',0,0,0,0),(35,'Electronic Components',NULL,'Joe Grand',',Nixie tube,LED,EEPROM,op-amp,battery,quartz crystal,relay',0,0,0,0),(36,'Security Podcasts','May not include podcasts about security','Chris Nickerson',',Exotic Liability,Security Justice,Security Now,Hak5,Paul Dot Com,SHITcast,network security podcast',0,0,0,0),(37,'International Super Hackers',NULL,'Chris Nickerson',',Greg Evans,Ligatt,Greg Evans,Ligatt,Greg Evans,Ligatt,Greg Evans',0,0,0,0),(38,'Superheroes',NULL,NULL,',Aqua Man,Thor,Green Lantern,Wonder Woman,Ironman,The Hulk,Batman',0,0,0,0),(39,'Superhero Sidekicks','Everyone needs a right hand man',NULL,',Alfred,Tonto,Robin,Kato,Lois Lane,Launchpad McQuack,War Machine',0,0,0,0),(41,'Meme! Meme! Meme!','Memes!',NULL,',YOLO,planking,I took an arrow in my knee,Shit $X Says,Rage Face,Trololo,Imma Let you finnish...',0,0,0,0),(42,'Star*',NULL,NULL,',Trek,Wars,System,Burst,Gate,Light,Office',0,0,0,0),(43,'*Star',NULL,NULL,',Battle,North,Death,Falling,Rock,Lone,Porn',0,0,0,0),(44,'Obsolete Data Storage Media',NULL,NULL,',zip disk,floppy disk,9-track tape,audio cassette tape,Punch Cards,Mini disc,Laser Disc',0,0,0,0),(45,'Hacker TV Shows',NULL,NULL,',Level 9,Lone Gunman,Tiger Team,Mythbusters,Ghost in the Shell,Net Force,Prototype This!',0,0,0,0),(46,'Micro',NULL,NULL,',Cassette,Soft,Film,Super,Scopic,USB,Machines',0,0,0,0),(47,'Hardware Hacking Reality Shows',NULL,NULL,',Junkyard Wars,Mythbusters,Prototype This,Smash Lab,Weaponizers,Make TV,History Hacking',0,0,0,0),(48,'Movie Hacker Characters',NULL,NULL,',Neo - The Matrix,Martin Bishop - Sneakers,R2D2 - Star Wars,Napster - Italian Job (2003),Stanley Jobson - Swordfish,Edward \"Brill\" Lyle - Enemy of the State,Crash Override - Hackers',0,0,0,0),(49,'Star Trek Hack or Crash',NULL,NULL,',Return of the Archons (Landru),The Changeling (Nomad),The Ultimate Computer (M-5),That Which Survives (Losira),I Mudd (Norman),ST2-WoK - Kobiayashi Maru,ST2009 - Kobayashi Maru',0,0,0,0),(50,'Mythbuster Rip Off Shows',NULL,NULL,',Smash Lab,Time Warp,Deadliest Warrior,Deestroy Build Destroy,Dude... What Would Happen?,Weapons Masters,Unsolved History',0,0,0,0),(51,'Malware Ports',NULL,NULL,',12345 (Netbus),3127 (My.Doom.A),3128 (My.Doom.B),5554 (Sasser),27374 (Subseven),17300 (Kuang2),2283 (Dumaru.Y)',0,0,0,0),(52,'Cyberpunk Novels',NULL,NULL,',Neuromancer,Count Zero,Mona Lisa Overdrive,Snow Crash,Diamond Age,Shockwave Rider,Islands in the Net',0,0,0,0),(53,'CPU types',NULL,NULL,',Pentium 4,Pentium Pro,AMD K6-2,Athlon,Celeron,Duron,Cyrix',0,0,0,0),(54,'Email Providers',NULL,NULL,',GMAIL,Yahoo,Hotmail,FastMail,Inbox.com,HotPOP,Mail.com',0,0,0,0),(55,'Mix it up!','Things you can mix with Jack Daniels',NULL,',ice cubes,Coke,Cheerios,Bawls,Shmoobus,Dan Kaminsky,sec b-sides',0,0,0,1),(56,'Pyramid Celebs',NULL,NULL,',Billy Crystal,William Shatner,Jason Alexander,Billy Crystal,Betty White,John Ritter,Penn Gillette',0,0,0,1),(58,'Electronic Components',NULL,NULL,',Resistor,Capacitor,Inductor,Transformer,conductor,diode,sensor',0,0,0,1),(59,'Password Fail','Commonly Used Passwords',NULL,',God,Password,QWERTY,cisco,admin,secret,r00t',0,0,0,1),(60,'Clear Text Protocol',NULL,NULL,',FTP,SMTP,TELNET,RSH,SNMP,HTTP,POP3',0,0,0,1),(61,'Microprocessor Love',NULL,NULL,',Z80,8086,Pentium,68000,6509,Atom,4004',0,0,0,1),(62,'Phreakin\' Me Out',NULL,NULL,',2600Hz,DTMF,\"Joybubbles\" or Joe Engressia,Phone Losers of America,LOD (Legion of Doom),Blue Box,Operation Sun Devil',0,0,0,1),(63,'Mystery Seven','Things you might find in a hacker\'s backpack',NULL,',USB Drive,Mouse,Sunglasses,Swiss Army Knife,Notebook,USB Adapter,A Dropbox/PwnPlug/minipwner',0,0,0,1),(64,'Name it.','Words that begin with Q',NULL,',Queue,Quaalude,Quiz,Quandry,Quarantine,Queen,Quark',0,0,0,1),(65,'What\'s on top?','Pizza toppings',NULL,',onions,banana peppers,blueberries,mozzarella cheese,pineapple,mozzarella cheese,pepperoni',0,0,0,1),(66,'What\'s in a name','Famous Hackers',NULL,',Zero Cool,Kevin Mitnick,Robert Morris Jr.,The Dark Tangent,Steve Wozniak,Alan Turing,MafiaBoy',0,0,0,1),(67,'Microsoftisms',NULL,NULL,',BSoD,Start Button,Clippy,Driverhell,Vista Home Basic,BSD code,Ctrl+Alt+Delete',0,0,0,1),(68,'Other Cons',NULL,NULL,',HAR,Notacon,RECon,ShmooCon,Hack-in-the-Box,ToorCon,SecTor',0,0,0,1),(69,'Hacker Kryptonite',NULL,NULL,',Business Suits,soap,9-to-5,meetings,rules,easy listening,smurfs,',0,0,0,1),(70,'Pyramid Celebs',NULL,NULL,',Billy Crystal,William Shatner,Jason Alexander,Billy Crystal,Betty White,John Ritter,Penn Gillette',0,0,0,1),(71,'Hackerspace $home',NULL,NULL,',Brussels,Chicago,Toronto,Kansas City,Helsinki,Walla Walla,Indianapolis',0,0,0,1),(72,'Indicted ',NULL,NULL,',Li\'l Hacker,Adrian Lamo,Kevin Mitnick,Phiber Optik,Kevin Poulsen,PirateBay,Gary McKinnon',0,0,0,1),(73,'Memories of the AP',NULL,NULL,',tent,goon pool,hot tub,pool three girl,Defcon TV,Liquor/Super Mart, haxxxor Girls',0,0,0,1),(74,'D. M. C. A.',NULL,NULL,',Dmitry Sklyarov,Fair Use,Take down,Apple,youtube,Title 17,Village People',0,0,0,1),(75,'Wireless Violations',NULL,NULL,',SSID Broadcast,Discoverable,Kismet,Blue Tooth,WEP,Infared,Keyboards',0,0,0,1),(76,'Found: 1 Dan K.','Places you can find a drunk Dan Kaminsky',NULL,',Defcon audience,Defcon Podium,Seattle,Pool Three,Shadow Bar,Twitter,Elevator',0,0,0,1),(77,'Mystery 7','impulse buys',NULL,',lottery tickets,Playboy,flashlights,Sharpies,potato chips,Crown Royal ,DVDs',0,0,0,1),(78,'AquaNet','80s hair bands',NULL,',Poison ,Van Halen,Ratt,Quiet Riot,Skid Row,Cinderella,Def Leppard',0,0,0,1),(79,'My Little Pwnie 07','People who won a pwnie award in 2007',NULL,',Halvar Flake,Dave Aitel,HD Moore,Symantec,Mark Dowd,Dave Maynor,OpenBSD team',0,0,0,1),(80,'Desk-cessories','Things you might find on a hacker\'s desktop',NULL,',Old Ram,Access Card,energy drink,coffee,rabbit\'s foot,fast food ,floppy disk',0,0,0,1),(81,'Turn Offs','Things you should disable at Defcon',NULL,',bluetooth,wireless,netbios ,autoplay,paypass,cookies,mDNSresponder',0,0,0,1),(82,'Sales','Things you do in a Sales meeting',NULL,',Twitch,Lie,Laugh ,Text Message,Sleep,Email,Ebay',0,0,0,1),(83,'Hacker Assumptions','Things your mom secretly thinks you can hack.',NULL,',Launch Codes,Email,TV,Oil Tankers,Voting,Credit Cards,Pentegon',0,0,0,1),(84,'Nick Farr','Things you can associate with Nick Farr',NULL,',Burgers,Sushi,Hacker spaces,Accounting,hackers on a plane,eating contests,speaker',0,0,0,1),(85,'Hardware Hacked','Voiding your warranty, hardware that has been hacked.',NULL,',wii-mote,roomba,netbooks,rfid,toliets,gps,road signs',0,0,0,1),(86,'Buzzword Bingo','Over used in recent media',NULL,',Cloud,PCI,Cyber-War,Web 2.0,Chrome OS,php,iphone',0,0,0,1),(87,'Skyboxes','Things that will get you into a skybox party',NULL,',Password,Secret Handshake,Breasts,Strippers,Alcohol,Goon badge,Social Engineering',0,0,0,1),(88,'Pwnd','Things that will destroy us all...',NULL,',Robots,Zombies,The Matrix,SkyNet,Asteroid,Aliens,y2k',0,0,0,1),(89,'Shoo Fly','Things that are irritating',NULL,',mosquito bites,stupid people,delayed flights,telemarketers,fingers on chalkboard,Conference Calls,Windows',0,0,0,1),(90,'Zie Germans',NULL,NULL,',Chaos Computer Club,Tron,Halvar Flake,Felix Lindner,\"Anti-Hacker\" Law ,Blinkenlights,Toralv Dirro',0,0,0,1),(91,'The Holy Grail','Monty Pythons Holy grail',NULL,',Flesh wound,air-speed velocity,Huge Tracts of Land,Lady of the Lake,A herring,Spam,Holy Hand Grenade',0,0,0,1),(92,'What Happens in Vegas','Things associated with LV',NULL,',prostitution,bachelor parties,the mafia,wedding chapels,gambling,neon lights,Donny and Marie',0,0,0,1),(93,'Mix it up!','Things you can mix with Jack Daniels',NULL,',ice cubes,Coke,Cheerios,Bawls,Shmoobus,Dan Kaminsky,sec b-sides',0,0,0,1),(94,'By the Numbers ^2','Name the Port Number based off description',NULL,',IRC ( 194) ,NTP (123),HTTP (80),SMTP (25) ,FTP (21),TELNET (23),SSH (22)',0,0,0,1),(95,'Harder than it looks','Things associated with game shows',NULL,',briefcases,Vanna White,pyramid,Whammys,Phone a Friend,Drew Carey,big hair',0,0,0,1);
/*!40000 ALTER TABLE `catagories` ENABLE KEYS */;
UNLOCK TABLES;

--
-- Table structure for table `status`
--

DROP TABLE IF EXISTS `status`;
/*!40101 SET @saved_cs_client     = @@character_set_client */;
/*!40101 SET character_set_client = utf8 */;
CREATE TABLE `status` (
  `type` text NOT NULL,
  `status` int(11) NOT NULL
) ENGINE=MyISAM DEFAULT CHARSET=utf8;
/*!40101 SET character_set_client = @saved_cs_client */;

--
-- Dumping data for table `status`
--

LOCK TABLES `status` WRITE;
/*!40000 ALTER TABLE `status` DISABLE KEYS */;
INSERT INTO `status` VALUES ('endpoint',0),('timer',1374521100);
/*!40000 ALTER TABLE `status` ENABLE KEYS */;
UNLOCK TABLES;

--
-- Table structure for table `teams`
--

DROP TABLE IF EXISTS `teams`;
/*!40101 SET @saved_cs_client     = @@character_set_client */;
/*!40101 SET character_set_client = utf8 */;
CREATE TABLE `teams` (
  `team_id` int(2) NOT NULL AUTO_INCREMENT,
  `name` text NOT NULL,
  `score` int(11) NOT NULL DEFAULT '0',
  `active` tinyint(1) NOT NULL DEFAULT '0',
  `enabled` tinyint(1) NOT NULL DEFAULT '1',
  PRIMARY KEY (`team_id`)
) ENGINE=MyISAM AUTO_INCREMENT=4 DEFAULT CHARSET=utf8;
/*!40101 SET character_set_client = @saved_cs_client */;

--
-- Dumping data for table `teams`
--

LOCK TABLES `teams` WRITE;
/*!40000 ALTER TABLE `teams` DISABLE KEYS */;
INSERT INTO `teams` VALUES (1,'coolacid',0,0,1),(2,'moey',0,0,1),(3,'gattaca',0,0,1);
/*!40000 ALTER TABLE `teams` ENABLE KEYS */;
UNLOCK TABLES;
/*!40103 SET TIME_ZONE=@OLD_TIME_ZONE */;

/*!40101 SET SQL_MODE=@OLD_SQL_MODE */;
/*!40014 SET FOREIGN_KEY_CHECKS=@OLD_FOREIGN_KEY_CHECKS */;
/*!40014 SET UNIQUE_CHECKS=@OLD_UNIQUE_CHECKS */;
/*!40101 SET CHARACTER_SET_CLIENT=@OLD_CHARACTER_SET_CLIENT */;
/*!40101 SET CHARACTER_SET_RESULTS=@OLD_CHARACTER_SET_RESULTS */;
/*!40101 SET COLLATION_CONNECTION=@OLD_COLLATION_CONNECTION */;
/*!40111 SET SQL_NOTES=@OLD_SQL_NOTES */;

-- Dump completed on 2013-07-22 13:05:11
